{"emoticons.pot": 176, "emoticons.xliff": 178, "goldwave.pot": 180, "goldwave.xliff": 182, "eMule.pot": 194, "enhancedTouchGestures.pot": 210, "resourceMonitor.pot": 214, "stationPlaylist.pot": 218, "cursorLocator.pot": 224, "pcKbBrl.pot": 228, "readFeeds.pot": 232, "reportSymbols.pot": 236, "urlShortener.pot": 240, "customNotifications.pot": 244, "readonlyProfiles.pot": 248, "enhancedAnnotations.pot": 252, "clipContentsDesigner.pot": 256, "clipContentsDesigner.xliff": 258, "controlUsageAssistant.pot": 260, "controlUsageAssistant.xliff": 262, "eMule.xliff": 264, "enhancedAnnotations.xliff": 266, "customNotifications.xliff": 268, "readonlyProfiles.xliff": 270, "urlShortener.xliff": 272, "reportSymbols.xliff": 274, "pcKbBrl.xliff": 276, "readFeeds.xliff": 278, "cursorLocator.xliff": 280, "stationPlaylist.xliff": 282, "resourceMonitor.xliff": 284, "enhancedTouchGestures.xliff": 286, "rdAccess.pot": 288, "rdAccess.xliff": 290, "winMag.pot": 292, "winMag.xliff": 294, "charInfo.pot": 296, "charInfo.xliff": 298, "BMI.pot": 300, "BMI.xliff": 302, "tonysEnhancements.pot": 304, "tonysEnhancements.xliff": 306, "nvdaDevTestToolbox.pot": 308, "nvdaDevTestToolbox.xliff": 310, "easyTableNavigator.pot": 312, "easyTableNavigator.xliff": 314, "clock.pot": 316, "clock.xliff": 318, "updateChannel.pot": 320, "updateChannel.xliff": 322, "instantTranslate.pot": 324, "instantTranslate.xliff": 326, "unicodeBrailleInput.pot": 328, "unicodeBrailleInput.xliff": 330, "columnsReview.pot": 332, "columnsReview.xliff": 334, "Access8Math.pot": 336, "Access8Math.xliff": 338, "systrayList.pot": 340, "systrayList.xliff": 342, "winWizard.pot": 344, "winWizard.xliff": 346, "speechLogger.pot": 348, "speechLogger.xliff": 350, "sayProductNameAndVersion.pot": 352, "sayProductNameAndVersion.xliff": 354, "objPad.pot": 356, "objPad.xliff": 358, "SentenceNav.pot": 360, "SentenceNav.xliff": 362, "wordNav.pot": 364}